iri,namespace_bucket,local_name,inferred_kind,definition_status,textual_occurrences,source_files,repositories,production_files,test_files,example_files,documentation_files,generated_files,rdf_subject_uses,rdf_predicate_uses,rdf_object_uses,rdf_type_object_uses,declared_types,observed_labels,observed_descriptions,sample_sources
https://prez.dev/AltProfilesList,root namespace,AltProfilesList,resource,observed,1,1,1,1,0,0,0,0,0,0,1,0,,,,Kurrawong/prez/prez/reference_data/profiles/prez_default_profiles.ttl
https://prez.dev/AtnsEntityProfile,root namespace,AtnsEntityProfile,profile; node shape,typed,4,2,2,2,0,0,0,0,28,0,2,0,http://www.w3.org/ns/dx/prof/Profile | http://www.w3.org/ns/shacl#NodeShape | https://prez.dev/ObjectProfile,ATNS Entity presentation profile,"Presents an ATNS entity with embedded reference metadata, preserved incoming and outgoing relationship rows, and spatial feature details for an on-demand map, while omitting source deletion flags.",IDN/atns-preservation/prezconfig/custom_profiles.ttl | IDN/idn-prez4/prez-profiles.trig
https://prez.dev/CQLFilterResult,root namespace,CQLFilterResult,resource,observed,21,10,6,8,0,2,0,0,0,0,16,0,,,,BDR/eiatest-catalogue/config/prez-endpoints.ttl | BDR/resources.bdr.gov.au-config/prez/config/profiles/ogc_records_profile.ttl | IDN/idn-prez4/prez-profiles.trig | IDN/prez-lite/packages/data-processing/examples/ga-vocablist-ref/ga-vocablist-profile.html | Kurrawong/prez-lite/packages/data-processing/examples/ga-vocablist-ref/ga-vocablist-profile.html
https://prez.dev/CSV,root namespace,CSV,resource,observed,4,2,2,0,0,0,2,0,0,0,0,0,,,,IDN/prez-lite/docs/2-specification/profiles.md | Kurrawong/prez-lite/docs/2-specification/profiles.md
https://prez.dev/CatPrez,root namespace,CatPrez,resource,observed,5,5,4,5,0,0,0,0,0,0,5,0,,,,BDR/resources.bdr.gov.au-config/prez/config/profiles/ogc_records_profile.ttl | IDN/atns-preservation/prezconfig/custom_profiles.ttl | IDN/idn-prez4/prez-profiles.trig | Kurrawong/prez/prez/reference_data/profiles/ogc_features.ttl | Kurrawong/prez/prez/reference_data/profiles/ogc_records_profile.ttl
https://prez.dev/Catalog,root namespace,Catalog,class candidate,observed,32,17,2,5,2,8,2,0,0,0,12,12,,,,IDN/prez-lite/data/config/profiles.ttl | IDN/prez-lite/packages/data-processing/examples/ga-vocab-ref/profiles.ttl | IDN/prez-lite/packages/data-processing/examples/ga-vocablist-ref/profiles.ttl | IDN/prez-lite/packages/data-processing/examples/ggic-vocab-ref/profiles.ttl | IDN/prez-lite/packages/data-processing/examples/gswa-vocab-ref/profiles.ttl
https://prez.dev/CatalogList,root namespace,CatalogList,resource,labelled,2,2,1,2,0,0,0,0,2,0,0,0,,Catalog List,,Kurrawong/semantic-background/resources/ontologies/items/prez-ont.ttl | Kurrawong/semantic-background/source/ontologies/processed/prez-ont.ttl
https://prez.dev/ConceptSchemeDefault,root namespace,ConceptSchemeDefault,resource,observed,4,2,2,0,0,0,2,0,0,0,0,0,,,,IDN/prez-lite/docs/2-specification/profiles.md | Kurrawong/prez-lite/docs/2-specification/profiles.md
https://prez.dev/ConceptSchemeProfile,root namespace,ConceptSchemeProfile,resource,observed,10,3,2,1,0,0,2,0,0,0,0,0,,,,IDN/prez-lite/web/.nuxt/content/sql_dump.txt | IDN/prez-lite/web/content/authoring/profiles.md | Kurrawong/prez-lite/web/content/authoring/profiles.md
https://prez.dev/ConceptSchemesListProfile,root namespace,ConceptSchemesListProfile,profile; node shape,typed,2,1,1,1,0,0,0,0,15,0,1,0,http://www.w3.org/ns/dx/prof/Profile | http://www.w3.org/ns/shacl#NodeShape | https://prez.dev/ListingProfile,Concept Scheme Listing Profile,A profile for listing SKOS Concept Schemes,IDN/idn-prez4/prez-profiles.trig
https://prez.dev/CustomCQLListProfile,root namespace,CustomCQLListProfile,profile,typed,2,1,1,1,0,0,0,0,14,0,1,0,http://www.w3.org/ns/dx/prof/Profile | https://prez.dev/ListingProfile,CQL List profile,"A CQL profile targeted towards listing CQL results, including geospatial information.",IDN/idn-prez4/prez-profiles.trig
https://prez.dev/CustomFeatureListProfile,root namespace,CustomFeatureListProfile,profile; node shape,typed,2,1,1,1,0,0,0,0,16,0,1,0,http://www.w3.org/ns/dx/prof/Profile | http://www.w3.org/ns/shacl#NodeShape | https://prez.dev/ListingProfile,Custom Feature List Profile,A custom list profile for GeoSPARQL Features,IDN/idn-prez4/prez-profiles.trig
https://prez.dev/CustomFeatureObjectProfile,root namespace,CustomFeatureObjectProfile,profile; node shape,typed,2,1,1,1,0,0,0,0,17,0,1,0,http://www.w3.org/ns/dx/prof/Profile | http://www.w3.org/ns/shacl#NodeShape | https://prez.dev/ObjectProfile,Custom Feature Object Profile,A custom object profile for GeoSPARQL Features,IDN/idn-prez4/prez-profiles.trig
https://prez.dev/CustomIndexProfile,root namespace,CustomIndexProfile,profile,typed,2,2,2,2,0,0,0,0,33,0,0,0,http://www.w3.org/ns/dx/prof/Profile | https://prez.dev/IndexProfile,ATNS Index Profile | IDN Index Profile,A system profile for IDN | Selects the local ATNS entity and ODRL Agreement presentation profiles.,IDN/atns-preservation/prezconfig/custom_profiles.ttl | IDN/idn-prez4/prez-profiles.trig
https://prez.dev/DatasetList,root namespace,DatasetList,resource,labelled,2,2,1,2,0,0,0,0,2,0,0,0,,Dataset List,,Kurrawong/semantic-background/resources/ontologies/items/prez-ont.ttl | Kurrawong/semantic-background/source/ontologies/processed/prez-ont.ttl
https://prez.dev/DefaultConceptProfile,root namespace,DefaultConceptProfile,profile; node shape,typed,4,2,2,2,0,0,0,0,80,0,2,0,http://www.w3.org/ns/dx/prof/Profile | http://www.w3.org/ns/shacl#NodeShape | https://prez.dev/ObjectProfile,Default Concept Profile,Default profile for SKOS Concepts,IDN/prez-lite/packages/gh-templates/default/data/config/profiles.ttl | Kurrawong/prez-lite/packages/gh-templates/default/data/config/profiles.ttl
https://prez.dev/DefaultProfile,root namespace,DefaultProfile,profile,typed,2,2,2,2,0,0,0,0,16,0,0,0,http://www.w3.org/ns/dx/prof/Profile,Default Profile,Default profile configuration for vocabulary processing,IDN/prez-lite/packages/gh-templates/default/data/config/profiles.ttl | Kurrawong/prez-lite/packages/gh-templates/default/data/config/profiles.ttl
https://prez.dev/DefaultSchemeProfile,root namespace,DefaultSchemeProfile,profile; node shape,typed,4,2,2,2,0,0,0,0,88,0,2,0,http://www.w3.org/ns/dx/prof/Profile | http://www.w3.org/ns/shacl#NodeShape | https://prez.dev/ObjectProfile,Default Concept Scheme Profile,Default profile for SKOS Concept Schemes,IDN/prez-lite/packages/gh-templates/default/data/config/profiles.ttl | Kurrawong/prez-lite/packages/gh-templates/default/data/config/profiles.ttl
https://prez.dev/FacetProfile,root namespace,FacetProfile,profile; node shape,typed,1,1,1,1,0,0,0,0,7,0,0,0,http://www.w3.org/ns/dx/prof/Profile | http://www.w3.org/ns/shacl#NodeShape | https://prez.dev/ListingProfile,Custom Facet Profile,A custom facet profile for the IDN,IDN/idn-prez4/prez-profiles.trig
https://prez.dev/FeatureCollectionList,root namespace,FeatureCollectionList,resource,labelled,2,2,1,2,0,0,0,0,2,0,0,0,,Feature Collection List,,Kurrawong/semantic-background/resources/ontologies/items/prez-ont.ttl | Kurrawong/semantic-background/source/ontologies/processed/prez-ont.ttl
https://prez.dev/FeatureList,root namespace,FeatureList,resource,labelled,2,2,1,2,0,0,0,0,2,0,0,0,,Feature List,,Kurrawong/semantic-background/resources/ontologies/items/prez-ont.ttl | Kurrawong/semantic-background/source/ontologies/processed/prez-ont.ttl
https://prez.dev/FocusNode,root namespace,FocusNode,resource,observed,1061,1046,4,4,0,962,1,79,0,0,41,0,,,,IDN/prez-lite/packages/data-processing/examples/data/ga-concept/ga-concept-anot+ld+json.json | IDN/prez-lite/packages/data-processing/examples/data/ga-concept/ga-concept-anot+turtle.ttl | IDN/prez-lite/packages/data-processing/examples/data/ga-concept/ga-concept-anot-ld-json.json | IDN/prez-lite/packages/data-processing/examples/data/ga-concept/ga-concept-anot-turtle.ttl | IDN/prez-lite/packages/data-processing/examples/data/ga-concept/ga-concept-page.html
https://prez.dev/GAVocabListProfile,root namespace,GAVocabListProfile,profile,typed,2,2,2,0,0,2,0,0,14,0,0,0,http://www.w3.org/ns/dx/prof/Profile,GA Vocabularies Listing Profile,Profile configuration for the GA vocabularies listing (catalog),IDN/prez-lite/packages/data-processing/examples/ga-vocablist-ref/profiles.ttl | Kurrawong/prez-lite/packages/data-processing/examples/ga-vocablist-ref/profiles.ttl
https://prez.dev/GAVocabsProfile,root namespace,GAVocabsProfile,profile,typed,2,2,2,0,0,2,0,0,16,0,0,0,http://www.w3.org/ns/dx/prof/Profile,GA Vocabularies Profile,Profile configuration for Geoscience Australia vocabularies,IDN/prez-lite/packages/data-processing/examples/ga-vocab-ref/profiles.ttl | Kurrawong/prez-lite/packages/data-processing/examples/ga-vocab-ref/profiles.ttl
https://prez.dev/GGICVocabsProfile,root namespace,GGICVocabsProfile,profile,typed,2,2,2,0,0,2,0,0,16,0,0,0,http://www.w3.org/ns/dx/prof/Profile,GGIC Vocabularies Profile,Profile configuration for GGIC vocabularies,IDN/prez-lite/packages/data-processing/examples/ggic-vocab-ref/profiles.ttl | Kurrawong/prez-lite/packages/data-processing/examples/ggic-vocab-ref/profiles.ttl
https://prez.dev/GSWAVocabsProfile,root namespace,GSWAVocabsProfile,profile,typed,4,4,2,2,0,2,0,0,34,0,0,0,http://www.w3.org/ns/dx/prof/Profile,GSWA Vocabularies Profile,Profile configuration for Geological Survey of Western Australia vocabularies,IDN/prez-lite/data/config/profiles.ttl | IDN/prez-lite/packages/data-processing/examples/gswa-vocab-ref/profiles.ttl | Kurrawong/prez-lite/data/config/profiles.ttl | Kurrawong/prez-lite/packages/data-processing/examples/gswa-vocab-ref/profiles.ttl
https://prez.dev/IndexProfile,root namespace,IndexProfile,class candidate,observed,7,7,4,7,0,0,0,0,0,0,6,6,,,,BDR/resources.bdr.gov.au-config/prez/config/profiles/ogc_records_profile.ttl | IDN/atns-preservation/prezconfig/custom_profiles.ttl | IDN/idn-prez4/prez-profiles.trig | Kurrawong/prez/prez/reference_data/profiles/ogc_features.ttl | Kurrawong/prez/prez/reference_data/profiles/ogc_records_profile.ttl
https://prez.dev/JSON,root namespace,JSON,resource,observed,4,2,2,0,0,0,2,0,0,0,0,0,,,,IDN/prez-lite/docs/2-specification/profiles.md | Kurrawong/prez-lite/docs/2-specification/profiles.md
https://prez.dev/JSONLD,root namespace,JSONLD,resource,observed,4,2,2,0,0,0,2,0,0,0,0,0,,,,IDN/prez-lite/docs/2-specification/profiles.md | Kurrawong/prez-lite/docs/2-specification/profiles.md
https://prez.dev/ListingProfile,root namespace,ListingProfile,class candidate,observed,47,21,6,10,6,2,3,0,0,0,21,19,,,,BDR/eiatest-catalogue/config/prez-endpoints.ttl | BDR/eiatest-catalogue/config/profiles.ttl | BDR/resources.bdr.gov.au-config/prez/config/profiles/ogc_records_profile.ttl | IDN/idn-prez4/prez-profiles.trig | IDN/prez-lite/docs/2-specification/profiles.md
https://prez.dev/Manifest,root namespace,Manifest,class,typed,114,91,17,40,38,5,6,2,23,0,63,60,http://www.w3.org/2002/07/owl#Class,Manifest,An RDF file that describes and links to a set of resources that can be loaded into an RDF database for the Prez system to provide access to,BDR/bdr-reference-data-sync/config.toml | BDR/bdr-reference-data-sync/generated/bdr-cat/catalogue.ttl | BDR/bdr-reference-data-sync/generated/bdr-cat_all.nq | BDR/bdr-reference-data-sync/sources/bdr-catalogues/manifest.ttl | BDR/bdr-reference-data-sync/sources/bdr-catalogues/resources/vocabularies/bdr/labels.ttl
https://prez.dev/ManifestResourceRoles,root namespace,ManifestResourceRoles,resource,typed,6,6,3,4,0,0,2,0,49,0,22,0,http://www.w3.org/2004/02/skos/core#ConceptScheme,Manifest Resource Roles Vocabulary,This vocabulary is a test vocabulary showing the use of images within Concept definitions,Kurrawong/docs/docs/assets/prez/manifest/mrr.ttl | Kurrawong/prezmanifest/README.md | Kurrawong/prezmanifest/prezmanifest/mrr.ttl | Kurrawong/prezmanifest/prezmanifest/syncer.py | Kurrawong/semantic-background/resources/vocabularies/catalogue.ttl
https://prez.dev/ManifestResourceRoles/1.0.0,manifest resource roles,1.0.0,resource,labelled,0,3,3,2,0,0,1,0,3,0,3,0,,1.0.0,,Kurrawong/docs/docs/assets/prez/manifest/mrr.ttl | Kurrawong/prezmanifest/prezmanifest/mrr.ttl | Kurrawong/semantic-background/resources/vocabularies/items/mrr.ttl
https://prez.dev/ManifestResourceRoles/CatalogueAndResourceModel,manifest resource roles,CatalogueAndResourceModel,concept,typed,52,45,12,15,20,0,10,0,22,0,31,0,http://www.w3.org/2004/02/skos/core#Concept,Catalogue & Resource Model,The default model for the container and the content. Must be a set of SHACL Shapes,BDR/bdr-reference-data-sync/src/impl/prez_manifest.py | IDN/demo-catalogue/README.md | IDN/demo-catalogue/labels.ttl | IDN/demo-catalogue/manifest.ttl | IDN/indigenous-data-catalogue/README.md
https://prez.dev/ManifestResourceRoles/CatalogueData,manifest resource roles,CatalogueData,concept,typed,100,81,17,31,32,3,13,2,39,0,54,0,http://www.w3.org/2004/02/skos/core#Concept,Catalogue Data,"Data for the container, usually a Catalogue, including the identity of it and each item fo content | Data for the container, usually a Catalogue, including the identity of it and each item of content",BDR/bdr-reference-data-sync/generated/bdr-cat/catalogue.ttl | BDR/bdr-reference-data-sync/generated/bdr-cat_all.nq | BDR/bdr-reference-data-sync/sources/bdr-catalogues/manifest.ttl | BDR/bdr-reference-data-sync/sources/bdr-catalogues/resources/vocabularies/bdr/labels.ttl | BDR/bdr-reference-data-sync/src/impl/prez_manifest.py
https://prez.dev/ManifestResourceRoles/CatalogueModel,manifest resource roles,CatalogueModel,concept,typed,7,4,4,3,0,0,1,0,12,0,3,0,http://www.w3.org/2004/02/skos/core#Concept,Catalogue Model,The default model for the container. Must be a set of SHACL Shapes,BDR/bdr-reference-data-sync/src/impl/prez_manifest.py | Kurrawong/docs/docs/assets/prez/manifest/mrr.ttl | Kurrawong/prezmanifest/prezmanifest/mrr.ttl | Kurrawong/semantic-background/resources/vocabularies/items/mrr.ttl
https://prez.dev/ManifestResourceRoles/CompleteCatalogueAndResourceLabels,manifest resource roles,CompleteCatalogueAndResourceLabels,concept,typed,56,48,12,14,23,0,9,2,27,0,33,0,http://www.w3.org/2004/02/skos/core#Concept,Complete Catalogue and Resource Labels,"All the labels - possibly including names, descriptions & seeAlso links - for the Catalogue and Resource objects",BDR/bdr-reference-data-sync/generated/bdr-cat/catalogue.ttl | BDR/bdr-reference-data-sync/generated/bdr-cat_all.nq | BDR/bdr-reference-data-sync/sources/bdr-catalogues/manifest.ttl | BDR/bdr-reference-data-sync/sources/bdr-catalogues/resources/vocabularies/bdr/labels.ttl | BDR/bdr-reference-data-sync/src/impl/prez_manifest.py
https://prez.dev/ManifestResourceRoles/CompleteContainerAndContentLabels,manifest resource roles,CompleteContainerAndContentLabels,resource,observed,4,2,1,1,0,0,1,0,0,0,0,0,,,,Kurrawong/prezmanifest/README.md | Kurrawong/prezmanifest/prezmanifest/documentor.py
https://prez.dev/ManifestResourceRoles/ContainerAndContentModel,manifest resource roles,ContainerAndContentModel,resource,observed,4,2,1,1,0,0,1,0,0,0,0,0,,,,Kurrawong/prezmanifest/README.md | Kurrawong/prezmanifest/prezmanifest/documentor.py
https://prez.dev/ManifestResourceRoles/ContainerData,manifest resource roles,ContainerData,resource,observed,4,2,1,1,0,0,1,0,0,0,0,0,,,,Kurrawong/prezmanifest/README.md | Kurrawong/prezmanifest/prezmanifest/documentor.py
https://prez.dev/ManifestResourceRoles/ContainerModel,manifest resource roles,ContainerModel,resource,observed,2,1,1,0,0,0,1,0,0,0,0,0,,,,Kurrawong/prezmanifest/README.md
https://prez.dev/ManifestResourceRoles/ContentData,manifest resource roles,ContentData,resource,observed,4,2,1,1,0,0,1,0,0,0,0,0,,,,Kurrawong/prezmanifest/README.md | Kurrawong/prezmanifest/prezmanifest/documentor.py
https://prez.dev/ManifestResourceRoles/ContentModel,manifest resource roles,ContentModel,resource,observed,2,1,1,0,0,0,1,0,0,0,0,0,,,,Kurrawong/prezmanifest/README.md
https://prez.dev/ManifestResourceRoles/IncompleteCatalogueAndResourceLabels,manifest resource roles,IncompleteCatalogueAndResourceLabels,concept,typed,55,39,12,26,3,4,6,0,26,0,28,0,http://www.w3.org/2004/02/skos/core#Concept,Incomplete Catalogue And Resource Labels | Incomplete Catalogue and Resource Labels,"Some of the labels - possibly including names, descriptions & seeAlso links - for the Catalogue and Resource objects",BDR/bdr-reference-data-sync/sources/bdr-catalogues/manifest.ttl | BDR/bdr-reference-data-sync/src/impl/prez_manifest.py | IDN/demo-catalogue/README.md | IDN/demo-catalogue/labels.ttl | IDN/demo-catalogue/manifest.ttl
https://prez.dev/ManifestResourceRoles/IncompleteContainerAndContentLabels,manifest resource roles,IncompleteContainerAndContentLabels,resource,observed,2,1,1,0,0,0,1,0,0,0,0,0,,,,Kurrawong/prezmanifest/README.md
https://prez.dev/ManifestResourceRoles/ResourceData,manifest resource roles,ResourceData,concept,typed,174,95,17,34,41,5,13,2,39,0,104,0,http://www.w3.org/2004/02/skos/core#Concept,Resource Data,Data for the content of the container,BDR/bdr-reference-data-sync/generated/bdr-cat/catalogue.ttl | BDR/bdr-reference-data-sync/generated/bdr-cat_all.nq | BDR/bdr-reference-data-sync/sources/bdr-catalogues/manifest.ttl | BDR/bdr-reference-data-sync/sources/bdr-catalogues/resources/vocabularies/bdr/labels.ttl | BDR/bdr-reference-data-sync/src/impl/prez_manifest.py
https://prez.dev/ManifestResourceRoles/ResourceModel,manifest resource roles,ResourceModel,concept,typed,5,4,4,3,0,0,1,0,12,0,1,0,http://www.w3.org/2004/02/skos/core#Concept,Resource Model,The default model for the content. Must be a set of SHACL Shapes,BDR/bdr-reference-data-sync/src/impl/prez_manifest.py | Kurrawong/docs/docs/assets/prez/manifest/mrr.ttl | Kurrawong/prezmanifest/prezmanifest/mrr.ttl | Kurrawong/semantic-background/resources/vocabularies/items/mrr.ttl
https://prez.dev/ManifestResourceRoles/containerAndContentModel,manifest resource roles,containerAndContentModel,resource,observed,4,1,1,0,0,0,1,0,0,0,0,0,,,,Kurrawong/prezmanifest/README.md
https://prez.dev/ManifestVersionTypes/GitCommitHash,manifest version types,GitCommitHash,resource,observed,4,4,1,1,3,0,0,0,0,0,0,0,,,,Kurrawong/prezmanifest/prezmanifest/event/syncer.py | Kurrawong/prezmanifest/tests/test_sync_rdf_delta/test_e2e_sync_rdf_delta/test_e2e_cli_rdf_delta.py | Kurrawong/prezmanifest/tests/test_sync_rdf_delta/test_e2e_sync_rdf_delta/test_e2e_sync_rdf_delta_function.py | Kurrawong/prezmanifest/tests/test_sync_rdf_delta/test_sync_rdf_delta_commit_hash.py
https://prez.dev/MyVocabsProfile,root namespace,MyVocabsProfile,resource,observed,2,2,2,0,0,0,2,0,0,0,0,0,,,,IDN/prez-lite/packages/data-processing/README.md | Kurrawong/prez-lite/packages/data-processing/README.md
https://prez.dev/OGCDataCatalogProfile,root namespace,OGCDataCatalogProfile,profile; node shape,typed,8,4,2,2,0,2,0,0,116,0,4,0,http://www.w3.org/ns/dx/prof/Profile | http://www.w3.org/ns/shacl#NodeShape | https://prez.dev/ObjectProfile,OGC Data Catalog Profile | OGC DataCatalog Profile,A profile for vocabulary listings represented as schema:DataCatalog,IDN/prez-lite/data/config/profiles.ttl | IDN/prez-lite/packages/data-processing/examples/ga-vocablist-ref/profiles.ttl | Kurrawong/prez-lite/data/config/profiles.ttl | Kurrawong/prez-lite/packages/data-processing/examples/ga-vocablist-ref/profiles.ttl
https://prez.dev/OGCFeaturesAllProps,root namespace,OGCFeaturesAllProps,profile; node shape,typed,1,1,1,1,0,0,0,0,21,0,0,0,http://www.w3.org/ns/dx/prof/Profile | http://www.w3.org/ns/shacl#NodeShape | https://prez.dev/ListingProfile | https://prez.dev/ObjectProfile,OGC Features All Properties Profile,A profile returning all properties and blank nodes to a depth of two.,Kurrawong/prez/prez/reference_data/profiles/ogc_features.ttl
https://prez.dev/OGCFeaturesMinimalProps,root namespace,OGCFeaturesMinimalProps,profile; node shape,typed,2,1,1,1,0,0,0,0,20,0,1,0,http://www.w3.org/ns/dx/prof/Profile | http://www.w3.org/ns/shacl#NodeShape | https://prez.dev/ListingProfile | https://prez.dev/ObjectProfile,OGC Features Minimal Profile,A profile showing only the classes of items,Kurrawong/prez/prez/reference_data/profiles/ogc_features.ttl
https://prez.dev/OGCFeaturesProfile,root namespace,OGCFeaturesProfile,profile,typed,1,1,1,1,0,0,0,0,13,0,0,0,http://www.w3.org/ns/dx/prof/Profile | https://prez.dev/IndexProfile,OGC Features Profile,A system profile for OGC Features conformant API,Kurrawong/prez/prez/reference_data/profiles/ogc_features.ttl
https://prez.dev/OGCItemProfile,root namespace,OGCItemProfile,profile; node shape,typed,51,29,4,4,1,24,0,0,303,0,18,0,http://www.w3.org/ns/dx/prof/Profile | http://www.w3.org/ns/shacl#NodeShape | https://prez.dev/ObjectProfile,OGC Object Profile,A profile for individual OGC Records API items,BDR/resources.bdr.gov.au-config/prez/config/profiles/ogc_records_profile.ttl | IDN/prez-lite/data/config/profiles.ttl | IDN/prez-lite/packages/data-processing/examples/data/ga-concept/ga-concept-anot+ld+json.json | IDN/prez-lite/packages/data-processing/examples/data/ga-concept/ga-concept-anot+turtle.ttl | IDN/prez-lite/packages/data-processing/examples/data/ga-concept/ga-concept-anot-ld-json.json
https://prez.dev/OGCListingProfile,root namespace,OGCListingProfile,profile; node shape,typed,6,4,2,3,1,0,0,0,43,0,2,0,http://www.w3.org/ns/dx/prof/Profile | http://www.w3.org/ns/shacl#NodeShape | https://prez.dev/ListingProfile,OGC Listing Profile,A profile for listing different kinds of items relevant to an OGC Records API,BDR/resources.bdr.gov.au-config/prez/config/profiles/ogc_records_profile.ttl | Kurrawong/prez/benchmark/query_construction.py | Kurrawong/prez/prez/reference_data/profiles/ogc_records_profile.ttl | Kurrawong/prez/tests/test_connegp.py
https://prez.dev/OGCRecordsProfile,root namespace,OGCRecordsProfile,profile,typed,3,3,2,2,1,0,0,0,34,0,0,0,http://www.w3.org/ns/dx/prof/Profile | https://prez.dev/IndexProfile,OGC Profile,A system profile for OGC Records conformant API,BDR/resources.bdr.gov.au-config/prez/config/profiles/ogc_records_profile.ttl | Kurrawong/prez/prez/reference_data/profiles/ogc_records_profile.ttl | Kurrawong/prez/tests/test_endpoints_profiles.py
https://prez.dev/OGCSKOSCollectionObjectProfile,root namespace,OGCSKOSCollectionObjectProfile,profile; node shape,typed,4,2,2,2,0,0,0,0,30,0,2,0,http://www.w3.org/ns/dx/prof/Profile | http://www.w3.org/ns/shacl#NodeShape | https://prez.dev/ObjectProfile,OGC SKOS Collection Object Profile,A profile for SKOS Collections,BDR/resources.bdr.gov.au-config/prez/config/profiles/ogc_records_profile.ttl | Kurrawong/prez/prez/reference_data/profiles/ogc_records_profile.ttl
https://prez.dev/OGCSchemesListProfile,root namespace,OGCSchemesListProfile,profile; node shape,typed,8,4,4,2,0,2,0,0,30,0,2,0,http://www.w3.org/ns/dx/prof/Profile | http://www.w3.org/ns/shacl#NodeShape | https://prez.dev/ListingProfile,BDR Vocabulary Listing Profile | OGC Concept Scheme Listing Profile,A profile for listing BDR vocabulary collections | A profile for listing SKOS Concept Schemes,BDR/resources.bdr.gov.au-config/prez/config/profiles/ogc_records_profile.ttl | IDN/prez-lite/packages/data-processing/examples/ga-vocablist-ref/ga-vocablist-profile.html | Kurrawong/prez-lite/packages/data-processing/examples/ga-vocablist-ref/ga-vocablist-profile.html | Kurrawong/prez/prez/reference_data/profiles/ogc_records_profile.ttl
https://prez.dev/OGCSchemesObjectProfile,root namespace,OGCSchemesObjectProfile,profile; node shape,typed,1031,1011,5,5,0,934,2,70,318,0,35,0,http://www.w3.org/ns/dx/prof/Profile | http://www.w3.org/ns/shacl#NodeShape | https://prez.dev/ObjectProfile,OGC Concept Scheme Object Profile,A profile for SKOS Concept Schemes,BDR/resources.bdr.gov.au-config/prez/config/profiles/ogc_records_profile.ttl | IDN/prez-lite/data/config/profiles.ttl | IDN/prez-lite/packages/data-processing/README.md | IDN/prez-lite/packages/data-processing/examples/data/ga-vocab/concepts/a/airfallDustCollector-anot+ld+json.json | IDN/prez-lite/packages/data-processing/examples/data/ga-vocab/concepts/a/airfallDustCollector-anot-ld-json.json
https://prez.dev/Object,root namespace,Object,resource,observed,2,2,1,2,0,0,0,0,0,0,1,0,,,,Kurrawong/prez/prez/reference_data/profiles/prez_default_profiles.ttl | Kurrawong/prez/prez/services/connegp_service.py
https://prez.dev/ObjectProfile,root namespace,ObjectProfile,class candidate,observed,101,40,8,16,2,16,6,0,0,0,50,48,,,,BDR/eiatest-catalogue/config/prez-endpoints.ttl | BDR/eiatest-catalogue/config/profiles.ttl | BDR/resources.bdr.gov.au-config/prez/config/profiles/ogc_records_profile.ttl | IDN/atns-preservation/prezconfig/custom_profiles.ttl | IDN/briscoesmith/prezconfig/custom_profiles.ttl
https://prez.dev/OdrlAgreementProfile,root namespace,OdrlAgreementProfile,profile; node shape,typed,4,2,2,2,0,0,0,0,26,0,2,0,http://www.w3.org/ns/dx/prof/Profile | http://www.w3.org/ns/shacl#NodeShape | https://prez.dev/ObjectProfile,ODRL Agreement presentation profile,"Presents an ODRL Agreement with its named Permission rules, actions, parties, targets and available target geometry.",IDN/atns-preservation/prezconfig/custom_profiles.ttl | IDN/idn-prez4/prez-profiles.trig
https://prez.dev/ProfilesGraph,root namespace,ProfilesGraph,resource,observed,2,2,2,2,0,0,0,0,0,0,0,0,,,,IDN/idn-prez4/prez-profiles.trig | IDN/indigenous-data-catalogue/scripts/load.sh
https://prez.dev/Queryable,root namespace,Queryable,resource,observed,1,1,1,1,0,0,0,0,0,0,1,0,,,,Kurrawong/prez/prez/reference_data/profiles/ogc_features.ttl
https://prez.dev/QueryablesList,root namespace,QueryablesList,resource,observed,1,1,1,1,0,0,0,0,0,0,1,0,,,,Kurrawong/prez/prez/reference_data/profiles/prez_default_profiles.ttl
https://prez.dev/RDFXML,root namespace,RDFXML,resource,observed,4,2,2,0,0,0,2,0,0,0,0,0,,,,IDN/prez-lite/docs/2-specification/profiles.md | Kurrawong/prez-lite/docs/2-specification/profiles.md
https://prez.dev/RiCORecordProfile,root namespace,RiCORecordProfile,profile; node shape,typed,3,2,2,2,0,0,0,0,28,0,1,0,http://www.w3.org/ns/dx/prof/Profile | http://www.w3.org/ns/shacl#NodeShape | https://prez.dev/ObjectProfile,RiC-O Record presentation profile,"Presents a RiC-O Record and the descriptive metadata of its analogue, digital, derived or otherwise identified Instantiations on the same page.",IDN/briscoesmith/prezconfig/custom_profiles.ttl | IDN/idn-prez4/prez-profiles.trig
https://prez.dev/SPARQLQuery,root namespace,SPARQLQuery,resource,observed,5,4,2,4,0,0,0,0,0,0,3,0,,,,IDN/anufncatalogue/config/profile.trig | Kurrawong/prez/prez/reference_data/profiles/prez_default_profiles.ttl | Kurrawong/prez/prez/routers/sparql.py | Kurrawong/prez/prez/services/connegp_service.py
https://prez.dev/SchemesList,root namespace,SchemesList,resource,labelled,8,4,3,2,0,2,0,0,2,0,0,0,,Schemes List,,IDN/prez-lite/packages/data-processing/examples/gswa-vocab-ref/gswa-vocab-profile.html | Kurrawong/prez-lite/packages/data-processing/examples/gswa-vocab-ref/gswa-vocab-profile.html | Kurrawong/semantic-background/resources/ontologies/items/prez-ont.ttl | Kurrawong/semantic-background/source/ontologies/processed/prez-ont.ttl
https://prez.dev/SchemesListing,root namespace,SchemesListing,resource,observed,2,2,2,0,0,0,2,0,0,0,0,0,,,,IDN/prez-lite/docs/2-specification/profiles.md | Kurrawong/prez-lite/docs/2-specification/profiles.md
https://prez.dev/SearchResult,root namespace,SearchResult,class candidate,observed,32,19,5,10,8,0,1,0,0,0,17,7,,,,BDR/eiatest-catalogue/config/prez-endpoints.ttl | BDR/resources.bdr.gov.au-config/prez/config/profiles/ogc_records_profile.ttl | IDN/anufncatalogue/config/profile.trig | Kurrawong/prez-ui/packages/prez-lib/src/consts.ts | Kurrawong/prez-ui/packages/prez-lib/tests/fixtures/flat-search-no-weight.ttl
https://prez.dev/SearchResultMatch,root namespace,SearchResultMatch,class candidate,observed,12,5,2,0,5,0,0,0,0,0,6,6,,,,Kurrawong/prez-ui/packages/prez-lib/tests/fixtures/lucene-mixed-shape.ttl | Kurrawong/prez-ui/packages/prez-lib/tests/fixtures/lucene-multi-match.ttl | Kurrawong/prez-ui/packages/prez-lib/tests/fixtures/lucene-no-weight.ttl | Kurrawong/prez-ui/packages/prez-lib/tests/fixtures/lucene-single-match.ttl | Kurrawong/prez/tests/integration/jena-lucene-cql/test_jena_lucene_cql_integration.py
https://prez.dev/SomethingElse,root namespace,SomethingElse,resource,observed,8,2,2,0,2,0,0,0,0,0,0,0,,,,IDN/prez-lite/web/tests/unit/generate-workspaces.test.ts | Kurrawong/prez-lite/web/tests/unit/generate-workspaces.test.ts
https://prez.dev/SystemGraph,root namespace,SystemGraph,resource,observed,5,4,3,2,0,1,1,0,0,0,0,0,,,,IDN/idn-prez4/prez-endpoints.trig | IDN/indigenous-data-catalogue/scripts/load.sh | Kurrawong/prez/docs/custom_endpoints.md | Kurrawong/prez/docs/examples/custom_endpoints/example_4_levels.trig
https://prez.dev/Turtle,root namespace,Turtle,resource,observed,4,2,2,0,0,0,2,0,0,0,0,0,,,,IDN/prez-lite/docs/2-specification/profiles.md | Kurrawong/prez-lite/docs/2-specification/profiles.md
https://prez.dev/VocPrezCollectionList,root namespace,VocPrezCollectionList,resource,labelled,6,4,3,2,0,2,0,0,2,0,0,0,,VocPrez Collection List,,IDN/prez-lite/packages/data-processing/examples/gswa-vocab-ref/gswa-vocab-profile.html | Kurrawong/prez-lite/packages/data-processing/examples/gswa-vocab-ref/gswa-vocab-profile.html | Kurrawong/semantic-background/resources/ontologies/items/prez-ont.ttl | Kurrawong/semantic-background/source/ontologies/processed/prez-ont.ttl
https://prez.dev/VocPrezProfile,root namespace,VocPrezProfile,resource,observed,2,2,2,0,0,2,0,0,0,0,0,0,,,,IDN/prez-lite/packages/data-processing/examples/gswa-vocab-ref/gswa-vocab-profile.html | Kurrawong/prez-lite/packages/data-processing/examples/gswa-vocab-ref/gswa-vocab-profile.html
https://prez.dev/WorkspaceConfig,root namespace,WorkspaceConfig,class candidate,observed,18,4,2,2,2,0,0,0,0,0,2,2,,,,IDN/prez-lite/data/config/workspaces.ttl | IDN/prez-lite/web/tests/unit/generate-workspaces.test.ts | Kurrawong/prez-lite/data/config/workspaces.ttl | Kurrawong/prez-lite/web/tests/unit/generate-workspaces.test.ts
https://prez.dev/catalog,root namespace,catalog,property candidate,observed,42,16,2,4,2,8,2,0,0,12,0,0,,,,IDN/prez-lite/data/config/profiles.ttl | IDN/prez-lite/packages/data-processing/README.md | IDN/prez-lite/packages/data-processing/examples/ga-vocab-ref/profiles.ttl | IDN/prez-lite/packages/data-processing/examples/ga-vocablist-ref/profiles.ttl | IDN/prez-lite/packages/data-processing/examples/ggic-vocab-ref/profiles.ttl
https://prez.dev/childrenCount,root namespace,childrenCount,property candidate,observed,2,2,2,0,0,2,0,0,0,2,0,0,,,,IDN/prez-lite/packages/data-processing/examples/gswa-vocab-ref/gswa-vocab-anot+turtle.ttl | Kurrawong/prez-lite/packages/data-processing/examples/gswa-vocab-ref/gswa-vocab-anot+turtle.ttl
https://prez.dev/count,root namespace,count,resource,labelled,18,10,3,6,3,0,1,0,3,0,0,0,,count,,Kurrawong/prez-ui/packages/prez-lib/src/consts.ts | Kurrawong/prez/docs/2026-03-23-lucene-cql-queryables.md | Kurrawong/prez/prez/reference_data/annotations/prez-ontology.ttl | Kurrawong/prez/prez/services/listings.py | Kurrawong/prez/prez/services/query_generation/count.py
https://prez.dev/currentProfile,root namespace,currentProfile,property candidate,observed,1010,1010,2,0,0,940,0,70,0,33,0,0,,,,IDN/prez-lite/packages/data-processing/examples/data/ga-concept/ga-concept-anot+ld+json.json | IDN/prez-lite/packages/data-processing/examples/data/ga-concept/ga-concept-anot+turtle.ttl | IDN/prez-lite/packages/data-processing/examples/data/ga-concept/ga-concept-anot-ld-json.json | IDN/prez-lite/packages/data-processing/examples/data/ga-concept/ga-concept-anot-turtle.ttl | IDN/prez-lite/packages/data-processing/examples/data/ga-vocab/concepts/a/airfallDustCollector-anot+ld+json.json
https://prez.dev/defaultPageSize,root namespace,defaultPageSize,resource,observed,2,2,2,0,0,0,2,0,0,0,0,0,,,,IDN/prez-lite/docs/2-specification/profiles.md | Kurrawong/prez-lite/docs/2-specification/profiles.md
https://prez.dev/deliversClasses,root namespace,deliversClasses,resource,labelled,2,2,1,2,0,0,0,0,2,0,0,0,,delivers classes,,Kurrawong/semantic-background/resources/ontologies/items/prez-ont.ttl | Kurrawong/semantic-background/source/ontologies/processed/prez-ont.ttl
https://prez.dev/description,root namespace,description,property candidate,observed,8749,1053,4,4,4,962,4,79,0,583,0,0,,,,IDN/prez-lite/data/config/workspaces.ttl | IDN/prez-lite/docs/2-specification/profiles.md | IDN/prez-lite/docs/5-technical/export-format-audit.md | IDN/prez-lite/packages/data-processing/examples/data/ga-concept/ga-concept-anot+ld+json.json | IDN/prez-lite/packages/data-processing/examples/data/ga-concept/ga-concept-anot+turtle.ttl
https://prez.dev/descriptionSource,root namespace,descriptionSource,property candidate,observed,68,25,2,5,4,8,8,0,0,48,0,0,,,,IDN/prez-lite/data/config/profiles.ttl | IDN/prez-lite/docs/2-specification/profiles.md | IDN/prez-lite/packages/data-processing/README.md | IDN/prez-lite/packages/data-processing/examples/ga-vocab-ref/profiles.ttl | IDN/prez-lite/packages/data-processing/examples/ga-vocablist-ref/profiles.ttl
https://prez.dev/endpoint/data-types,endpoint identifier,data-types,resource,observed,1,1,1,0,1,0,0,0,0,0,0,0,,,,Kurrawong/prez/tests/test_cql_lucene.py
https://prez.dev/endpoint/extended-ogc-records/cql-get,endpoint identifier,cql-get,resource,typed,3,3,2,3,0,0,0,0,4,0,0,0,https://prez.dev/ont/ListingEndpoint,,,BDR/eiatest-catalogue/config/prez-endpoints.ttl | Kurrawong/prez/prez/dependencies.py | Kurrawong/prez/prez/reference_data/endpoints/base/endpoint_metadata.ttl
https://prez.dev/endpoint/extended-ogc-records/cql-post,endpoint identifier,cql-post,resource,typed,2,2,2,2,0,0,0,0,4,0,0,0,https://prez.dev/ont/ListingEndpoint,,,BDR/eiatest-catalogue/config/prez-endpoints.ttl | Kurrawong/prez/prez/reference_data/endpoints/base/endpoint_metadata.ttl
https://prez.dev/endpoint/extended-ogc-records/narrowers,endpoint identifier,narrowers,resource,typed,2,2,2,2,0,0,0,0,4,0,0,0,https://prez.dev/ont/ListingEndpoint,,,BDR/eiatest-catalogue/config/prez-endpoints.ttl | Kurrawong/prez/prez/reference_data/endpoints/base/endpoint_metadata.ttl
https://prez.dev/endpoint/extended-ogc-records/narrowers-post,endpoint identifier,narrowers-post,resource,typed,1,1,1,1,0,0,0,0,2,0,0,0,https://prez.dev/ont/ListingEndpoint,,,Kurrawong/prez/prez/reference_data/endpoints/base/endpoint_metadata.ttl
https://prez.dev/endpoint/extended-ogc-records/search,endpoint identifier,search,resource,typed,2,2,2,2,0,0,0,0,4,0,0,0,https://prez.dev/ont/ListingEndpoint,,,BDR/eiatest-catalogue/config/prez-endpoints.ttl | Kurrawong/prez/prez/reference_data/endpoints/base/endpoint_metadata.ttl
https://prez.dev/endpoint/extended-ogc-records/search-post,endpoint identifier,search-post,resource,typed,1,1,1,1,0,0,0,0,2,0,0,0,https://prez.dev/ont/ListingEndpoint,,,Kurrawong/prez/prez/reference_data/endpoints/base/endpoint_metadata.ttl
https://prez.dev/endpoint/extended-ogc-records/top-concepts,endpoint identifier,top-concepts,resource,typed,2,2,2,2,0,0,0,0,4,0,0,0,https://prez.dev/ont/ListingEndpoint,,,BDR/eiatest-catalogue/config/prez-endpoints.ttl | Kurrawong/prez/prez/reference_data/endpoints/base/endpoint_metadata.ttl
https://prez.dev/endpoint/extended-ogc-records/top-concepts-post,endpoint identifier,top-concepts-post,resource,typed,1,1,1,1,0,0,0,0,2,0,0,0,https://prez.dev/ont/ListingEndpoint,,,Kurrawong/prez/prez/reference_data/endpoints/base/endpoint_metadata.ttl
https://prez.dev/endpoint/system/object,endpoint identifier,object,resource,typed,2,2,2,2,0,0,0,0,6,0,0,0,https://prez.dev/ont/ObjectEndpoint | https://prez.dev/ont/SystemEndpoint,,,BDR/eiatest-catalogue/config/prez-endpoints.ttl | Kurrawong/prez/prez/reference_data/endpoints/base/endpoint_metadata.ttl
https://prez.dev/endpoint/system/object-post,endpoint identifier,object-post,resource,typed,1,1,1,1,0,0,0,0,3,0,0,0,https://prez.dev/ont/ObjectEndpoint | https://prez.dev/ont/SystemEndpoint,,,Kurrawong/prez/prez/reference_data/endpoints/base/endpoint_metadata.ttl
https://prez.dev/endpoint/system/profile-listing,endpoint identifier,profile-listing,resource,typed,2,2,2,2,0,0,0,0,6,0,0,0,https://prez.dev/ont/ListingEndpoint | https://prez.dev/ont/SystemEndpoint,,,BDR/eiatest-catalogue/config/prez-endpoints.ttl | Kurrawong/prez/prez/reference_data/endpoints/base/endpoint_metadata.ttl
https://prez.dev/endpoint/system/profile-listing-post,endpoint identifier,profile-listing-post,resource,typed,1,1,1,1,0,0,0,0,3,0,0,0,https://prez.dev/ont/ListingEndpoint | https://prez.dev/ont/SystemEndpoint,,,Kurrawong/prez/prez/reference_data/endpoints/base/endpoint_metadata.ttl
https://prez.dev/endpoint/system/profile-object,endpoint identifier,profile-object,resource,typed,2,2,2,2,0,0,0,0,6,0,0,0,https://prez.dev/ont/ObjectEndpoint | https://prez.dev/ont/SystemEndpoint,,,BDR/eiatest-catalogue/config/prez-endpoints.ttl | Kurrawong/prez/prez/reference_data/endpoints/base/endpoint_metadata.ttl
https://prez.dev/endpointTemplate,root namespace,endpointTemplate,resource,labelled,2,2,1,2,0,0,0,0,2,0,0,0,,endpoint template,,Kurrawong/semantic-background/resources/ontologies/items/prez-ont.ttl | Kurrawong/semantic-background/source/ontologies/processed/prez-ont.ttl
https://prez.dev/facetCount,root namespace,facetCount,resource,observed,18,5,2,1,3,0,1,0,0,0,0,0,,,,Kurrawong/prez-ui/packages/prez-lib/src/consts.ts | Kurrawong/prez/docs/faceted_search.md | Kurrawong/prez/tests/integration/jena-lucene-cql/test_jena_lucene_cql_integration.py | Kurrawong/prez/tests/test_cql_lucene.py | Kurrawong/prez/tests/test_facet_query.py
https://prez.dev/facetName,root namespace,facetName,resource,observed,19,5,2,1,3,0,1,0,0,0,0,0,,,,Kurrawong/prez-ui/packages/prez-lib/src/consts.ts | Kurrawong/prez/docs/faceted_search.md | Kurrawong/prez/tests/integration/jena-lucene-cql/test_jena_lucene_cql_integration.py | Kurrawong/prez/tests/test_cql_lucene.py | Kurrawong/prez/tests/test_facet_query.py
https://prez.dev/facetValue,root namespace,facetValue,resource,observed,18,5,2,1,3,0,1,0,0,0,0,0,,,,Kurrawong/prez-ui/packages/prez-lib/src/consts.ts | Kurrawong/prez/docs/faceted_search.md | Kurrawong/prez/tests/integration/jena-lucene-cql/test_jena_lucene_cql_integration.py | Kurrawong/prez/tests/test_cql_lucene.py | Kurrawong/prez/tests/test_facet_query.py
https://prez.dev/focusNode,root namespace,focusNode,resource,observed,2,2,2,0,0,0,2,0,0,0,0,0,,,,IDN/prez-lite/docs/2-specification/profiles.md | Kurrawong/prez-lite/docs/2-specification/profiles.md
https://prez.dev/focusToParentRelation,root namespace,focusToParentRelation,resource,labelled,2,2,1,2,0,0,0,0,2,0,0,0,,focus to parent relation,,Kurrawong/semantic-background/resources/ontologies/items/prez-ont.ttl | Kurrawong/semantic-background/source/ontologies/processed/prez-ont.ttl
https://prez.dev/generate,root namespace,generate,resource,observed,2,1,1,1,0,0,0,0,0,0,0,0,,,,IDN/prez-lite/web/.nuxt/content/sql_dump.txt
https://prez.dev/generateDescription,root namespace,generateDescription,property candidate,observed,78,23,2,5,4,8,6,0,0,24,0,0,,,,IDN/prez-lite/data/config/profiles.ttl | IDN/prez-lite/docs/2-specification/profiles.md | IDN/prez-lite/packages/data-processing/README.md | IDN/prez-lite/packages/data-processing/examples/ga-vocab-ref/profiles.ttl | IDN/prez-lite/packages/data-processing/examples/ga-vocablist-ref/profiles.ttl
https://prez.dev/generateFocusNode,root namespace,generateFocusNode,property candidate,observed,42,18,2,4,2,8,4,0,0,24,0,0,,,,IDN/prez-lite/data/config/profiles.ttl | IDN/prez-lite/docs/2-specification/profiles.md | IDN/prez-lite/packages/data-processing/README.md | IDN/prez-lite/packages/data-processing/examples/ga-vocab-ref/profiles.ttl | IDN/prez-lite/packages/data-processing/examples/ga-vocablist-ref/profiles.ttl
https://prez.dev/generateIdentifier,root namespace,generateIdentifier,property candidate,observed,48,19,2,5,2,8,4,0,0,24,0,0,,,,IDN/prez-lite/data/config/profiles.ttl | IDN/prez-lite/docs/2-specification/profiles.md | IDN/prez-lite/packages/data-processing/examples/ga-vocab-ref/profiles.ttl | IDN/prez-lite/packages/data-processing/examples/ga-vocablist-ref/profiles.ttl | IDN/prez-lite/packages/data-processing/examples/ggic-vocab-ref/profiles.ttl
https://prez.dev/generateLabel,root namespace,generateLabel,property candidate,observed,134,23,2,5,4,8,6,0,0,24,0,0,,,,IDN/prez-lite/data/config/profiles.ttl | IDN/prez-lite/docs/2-specification/profiles.md | IDN/prez-lite/packages/data-processing/README.md | IDN/prez-lite/packages/data-processing/examples/ga-vocab-ref/profiles.ttl | IDN/prez-lite/packages/data-processing/examples/ga-vocablist-ref/profiles.ttl
https://prez.dev/generateLink,root namespace,generateLink,property candidate,observed,70,18,2,4,4,8,2,0,0,24,0,0,,,,IDN/prez-lite/data/config/profiles.ttl | IDN/prez-lite/docs/2-specification/profiles.md | IDN/prez-lite/packages/data-processing/examples/ga-vocab-ref/profiles.ttl | IDN/prez-lite/packages/data-processing/examples/ga-vocablist-ref/profiles.ttl | IDN/prez-lite/packages/data-processing/examples/ggic-vocab-ref/profiles.ttl
https://prez.dev/generateMembers,root namespace,generateMembers,property candidate,observed,54,18,2,4,4,8,2,0,0,22,0,0,,,,IDN/prez-lite/data/config/profiles.ttl | IDN/prez-lite/docs/2-specification/profiles.md | IDN/prez-lite/packages/data-processing/examples/ga-vocab-ref/profiles.ttl | IDN/prez-lite/packages/data-processing/examples/ga-vocablist-ref/profiles.ttl | IDN/prez-lite/packages/data-processing/examples/ggic-vocab-ref/profiles.ttl
https://prez.dev/generateProvenance,root namespace,generateProvenance,property candidate,observed,38,14,2,2,2,8,2,0,0,20,0,0,,,,IDN/prez-lite/data/config/profiles.ttl | IDN/prez-lite/docs/2-specification/profiles.md | IDN/prez-lite/packages/data-processing/examples/ga-vocab-ref/profiles.ttl | IDN/prez-lite/packages/data-processing/examples/ga-vocablist-ref/profiles.ttl | IDN/prez-lite/packages/data-processing/examples/ggic-vocab-ref/profiles.ttl
https://prez.dev/hasChildren,root namespace,hasChildren,resource,observed,1,1,1,1,0,0,0,0,0,0,0,0,,,,Kurrawong/prez-ui/packages/prez-lib/src/consts.ts
https://prez.dev/hasSearchMatch,root namespace,hasSearchMatch,property candidate,observed,14,8,2,1,6,0,1,0,0,6,0,0,,,,Kurrawong/prez-ui/docs/2026-04-15-jena-lucene-shacl-search-design.md | Kurrawong/prez-ui/packages/prez-lib/src/consts.ts | Kurrawong/prez-ui/packages/prez-lib/tests/fixtures/lucene-mixed-shape.ttl | Kurrawong/prez-ui/packages/prez-lib/tests/fixtures/lucene-multi-match.ttl | Kurrawong/prez-ui/packages/prez-lib/tests/fixtures/lucene-no-weight.ttl
https://prez.dev/icon,root namespace,icon,property candidate,observed,22,4,2,2,2,0,0,0,0,6,0,0,,,,IDN/prez-lite/data/config/workspaces.ttl | IDN/prez-lite/web/tests/unit/generate-workspaces.test.ts | Kurrawong/prez-lite/data/config/workspaces.ttl | Kurrawong/prez-lite/web/tests/unit/generate-workspaces.test.ts
https://prez.dev/identifier,root namespace,identifier,property candidate,observed,3911,1049,3,2,0,962,6,79,0,138,0,0,,,,IDN/prez-lite/docs/2-specification/profiles.md | IDN/prez-lite/docs/5-technical/export-format-audit.md | IDN/prez-lite/packages/data-processing/examples/data/ga-concept/ga-concept-anot+ld+json.json | IDN/prez-lite/packages/data-processing/examples/data/ga-concept/ga-concept-anot+turtle.ttl | IDN/prez-lite/packages/data-processing/examples/data/ga-concept/ga-concept-anot-ld-json.json
https://prez.dev/jena-lucene/bucketBoundaries,Jena Lucene configuration,bucketBoundaries,resource,observed,9,2,1,0,1,0,1,0,0,0,0,0,,,,Kurrawong/prez/docs/faceted_search.md | Kurrawong/prez/tests/test_cql_lucene.py
https://prez.dev/jena-lucene/field,Jena Lucene configuration,field,resource,observed,9,2,1,0,1,0,1,0,0,0,0,0,,,,Kurrawong/prez/docs/faceted_search.md | Kurrawong/prez/tests/test_cql_lucene.py
https://prez.dev/jena-lucene/flatFacets,Jena Lucene configuration,flatFacets,resource,observed,18,2,1,0,1,0,1,0,0,0,0,0,,,,Kurrawong/prez/docs/faceted_search.md | Kurrawong/prez/tests/test_cql_lucene.py
https://prez.dev/jena-lucene/rangeFacets,Jena Lucene configuration,rangeFacets,resource,observed,10,2,1,0,1,0,1,0,0,0,0,0,,,,Kurrawong/prez/docs/faceted_search.md | Kurrawong/prez/tests/test_cql_lucene.py
https://prez.dev/label,root namespace,label,property candidate,observed,10915,1065,4,5,9,966,4,81,0,694,0,0,,,,IDN/prez-lite/data/config/workspaces.ttl | IDN/prez-lite/docs/2-specification/profiles.md | IDN/prez-lite/docs/5-technical/export-format-audit.md | IDN/prez-lite/packages/data-processing/examples/data/ga-concept/ga-concept-anot+ld+json.json | IDN/prez-lite/packages/data-processing/examples/data/ga-concept/ga-concept-anot+turtle.ttl
https://prez.dev/labelSource,root namespace,labelSource,property candidate,observed,172,25,2,5,4,8,8,0,0,72,0,0,,,,IDN/prez-lite/data/config/profiles.ttl | IDN/prez-lite/docs/2-specification/profiles.md | IDN/prez-lite/packages/data-processing/README.md | IDN/prez-lite/packages/data-processing/examples/ga-vocab-ref/profiles.ttl | IDN/prez-lite/packages/data-processing/examples/ga-vocablist-ref/profiles.ttl
https://prez.dev/link,root namespace,link,property candidate,labelled,3929,1063,6,7,5,966,4,81,36,105,0,0,,link,,IDN/prez-lite/docs/2-specification/profiles.md | IDN/prez-lite/docs/5-technical/export-format-audit.md | IDN/prez-lite/packages/data-processing/examples/data/ga-concept/ga-concept-anot+ld+json.json | IDN/prez-lite/packages/data-processing/examples/data/ga-concept/ga-concept-anot+turtle.ttl | IDN/prez-lite/packages/data-processing/examples/data/ga-concept/ga-concept-anot-ld-json.json
https://prez.dev/linkTemplate,root namespace,linkTemplate,property candidate,observed,54,17,2,5,4,6,2,0,0,20,0,0,,,,IDN/prez-lite/data/config/profiles.ttl | IDN/prez-lite/docs/2-specification/profiles.md | IDN/prez-lite/packages/data-processing/examples/ga-vocab-ref/profiles.ttl | IDN/prez-lite/packages/data-processing/examples/ggic-vocab-ref/profiles.ttl | IDN/prez-lite/packages/data-processing/examples/gswa-vocab-ref/profiles.ttl
https://prez.dev/manifest-model,root namespace,manifest-model,ontology,typed,3,3,1,3,0,0,0,0,21,0,2,0,http://www.w3.org/2002/07/owl#Ontology,Prez Manifest Model,This ontology describes a formulation of a content manifest for catalogues of RDF data to be loaded into instances of the PRez tool,Kurrawong/semantic-background/resources/ontologies/catalogue.ttl | Kurrawong/semantic-background/resources/ontologies/items/prez-manifest.ttl | Kurrawong/semantic-background/source/ontologies/processed/prez-manifest.ttl
https://prez.dev/manifest-validator,root namespace,manifest-validator,ontology,typed,6,5,3,4,0,0,1,0,29,0,24,0,http://www.w3.org/2002/07/owl#Ontology,Prez Manifest Validator,The SHACL Shapes Validator for the Prez Ontology Manifest Model,Kurrawong/docs/docs/assets/prez/manifest/validator.ttl | Kurrawong/prezmanifest/prezmanifest/validator.py | Kurrawong/prezmanifest/prezmanifest/validator.ttl | Kurrawong/semantic-background/resources/validators/catalogue.ttl | Kurrawong/semantic-background/resources/validators/items/prezmanifest.ttl
https://prez.dev/manifest-validator/0.5.0,other Prez path,0.5.0,resource,labelled,0,2,2,2,0,0,0,0,2,0,2,0,,0.5.0,,Kurrawong/prezmanifest/prezmanifest/validator.ttl | Kurrawong/semantic-background/resources/validators/items/prezmanifest.ttl
https://prez.dev/manifest-validator/1.0.0,other Prez path,1.0.0,resource,labelled,0,1,1,0,0,0,1,0,1,0,1,0,,1.0.0,,Kurrawong/docs/docs/assets/prez/manifest/validator.ttl
https://prez.dev/manifest-validator/ShapeN01,other Prez path,ShapeN01,node shape,typed,3,3,3,2,0,0,1,0,15,0,0,0,http://www.w3.org/ns/shacl#NodeShape,Shape N01,Shape N01,Kurrawong/docs/docs/assets/prez/manifest/validator.ttl | Kurrawong/prezmanifest/prezmanifest/validator.ttl | Kurrawong/semantic-background/resources/validators/items/prezmanifest.ttl
https://prez.dev/manifest-validator/ShapeN02,other Prez path,ShapeN02,node shape,typed,3,3,3,2,0,0,1,0,24,0,0,0,http://www.w3.org/ns/shacl#NodeShape,Shape N02,Shape N02,Kurrawong/docs/docs/assets/prez/manifest/validator.ttl | Kurrawong/prezmanifest/prezmanifest/validator.ttl | Kurrawong/semantic-background/resources/validators/items/prezmanifest.ttl
https://prez.dev/manifest-validator/ShapeN03,other Prez path,ShapeN03,node shape,typed,3,3,3,2,0,0,1,0,15,0,0,0,http://www.w3.org/ns/shacl#NodeShape,Shape N03,Shape N03,Kurrawong/docs/docs/assets/prez/manifest/validator.ttl | Kurrawong/prezmanifest/prezmanifest/validator.ttl | Kurrawong/semantic-background/resources/validators/items/prezmanifest.ttl
https://prez.dev/manifest-validator/ShapeN04,other Prez path,ShapeN04,node shape,typed,2,2,2,2,0,0,0,0,14,0,0,0,http://www.w3.org/ns/shacl#NodeShape,Shape N04,Shape N04,Kurrawong/prezmanifest/prezmanifest/validator.ttl | Kurrawong/semantic-background/resources/validators/items/prezmanifest.ttl
https://prez.dev/manifest-validator/ShapeP01,other Prez path,ShapeP01,resource,typed,6,3,3,2,0,0,1,0,19,0,3,0,http://www.w3.org/ns/shacl#PropertyShape,Shape P01,,Kurrawong/docs/docs/assets/prez/manifest/validator.ttl | Kurrawong/prezmanifest/prezmanifest/validator.ttl | Kurrawong/semantic-background/resources/validators/items/prezmanifest.ttl
https://prez.dev/manifest-validator/ShapeP02,other Prez path,ShapeP02,resource,typed,6,3,3,2,0,0,1,0,20,0,3,0,http://www.w3.org/ns/shacl#PropertyShape,Shape P02,,Kurrawong/docs/docs/assets/prez/manifest/validator.ttl | Kurrawong/prezmanifest/prezmanifest/validator.ttl | Kurrawong/semantic-background/resources/validators/items/prezmanifest.ttl
https://prez.dev/manifest-validator/ShapeP03,other Prez path,ShapeP03,resource,typed,6,3,3,2,0,0,1,0,22,0,3,0,http://www.w3.org/ns/shacl#PropertyShape,Shape P03,,Kurrawong/docs/docs/assets/prez/manifest/validator.ttl | Kurrawong/prezmanifest/prezmanifest/validator.ttl | Kurrawong/semantic-background/resources/validators/items/prezmanifest.ttl
https://prez.dev/manifest-validator/ShapeP04,other Prez path,ShapeP04,resource,typed,6,3,3,2,0,0,1,0,19,0,3,0,http://www.w3.org/ns/shacl#PropertyShape,Shape P04,,Kurrawong/docs/docs/assets/prez/manifest/validator.ttl | Kurrawong/prezmanifest/prezmanifest/validator.ttl | Kurrawong/semantic-background/resources/validators/items/prezmanifest.ttl
https://prez.dev/manifest-validator/ShapeP05,other Prez path,ShapeP05,resource,typed,6,3,3,2,0,0,1,0,19,0,3,0,http://www.w3.org/ns/shacl#PropertyShape,Shape P05,,Kurrawong/docs/docs/assets/prez/manifest/validator.ttl | Kurrawong/prezmanifest/prezmanifest/validator.ttl | Kurrawong/semantic-background/resources/validators/items/prezmanifest.ttl
https://prez.dev/manifest-validator/ShapeP06,other Prez path,ShapeP06,resource,typed,4,2,2,2,0,0,0,0,14,0,2,0,http://www.w3.org/ns/shacl#PropertyShape,Shape P06,,Kurrawong/prezmanifest/prezmanifest/validator.ttl | Kurrawong/semantic-background/resources/validators/items/prezmanifest.ttl
https://prez.dev/manifest-validator/ShapeP07,other Prez path,ShapeP07,resource,typed,4,2,2,2,0,0,0,0,16,0,2,0,http://www.w3.org/ns/shacl#PropertyShape,Shape P07,,Kurrawong/prezmanifest/prezmanifest/validator.ttl | Kurrawong/semantic-background/resources/validators/items/prezmanifest.ttl
https://prez.dev/manifest-validator/ShapeP08,other Prez path,ShapeP08,resource,typed,4,2,2,2,0,0,0,0,16,0,2,0,http://www.w3.org/ns/shacl#PropertyShape,Shape P08,,Kurrawong/prezmanifest/prezmanifest/validator.ttl | Kurrawong/semantic-background/resources/validators/items/prezmanifest.ttl
https://prez.dev/maxPageSize,root namespace,maxPageSize,resource,observed,2,2,2,0,0,0,2,0,0,0,0,0,,,,IDN/prez-lite/docs/2-specification/profiles.md | Kurrawong/prez-lite/docs/2-specification/profiles.md
https://prez.dev/members,root namespace,members,property candidate,labelled,2061,1048,5,4,1,960,4,79,36,41,0,0,,members,,IDN/prez-lite/docs/2-specification/profiles.md | IDN/prez-lite/docs/5-technical/export-format-audit.md | IDN/prez-lite/packages/data-processing/examples/data/ga-concept/ga-concept-anot+ld+json.json | IDN/prez-lite/packages/data-processing/examples/data/ga-concept/ga-concept-anot+turtle.ttl | IDN/prez-lite/packages/data-processing/examples/data/ga-concept/ga-concept-anot-ld-json.json
https://prez.dev/membersTemplate,root namespace,membersTemplate,property candidate,observed,14,12,2,4,0,6,2,0,0,10,0,0,,,,IDN/prez-lite/data/config/profiles.ttl | IDN/prez-lite/docs/2-specification/profiles.md | IDN/prez-lite/packages/data-processing/examples/ga-vocab-ref/profiles.ttl | IDN/prez-lite/packages/data-processing/examples/ggic-vocab-ref/profiles.ttl | IDN/prez-lite/packages/data-processing/examples/gswa-vocab-ref/profiles.ttl
https://prez.dev/ont,root namespace,ont,ontology,typed,3,3,1,3,0,0,0,0,21,0,1,0,http://www.w3.org/2002/07/owl#Ontology,Prez Ontology,This ontology contains a number of Classes and Predicates used by the Prez system,Kurrawong/semantic-background/resources/ontologies/catalogue.ttl | Kurrawong/semantic-background/resources/ontologies/items/prez-ont.ttl | Kurrawong/semantic-background/source/ontologies/processed/prez-ont.ttl
https://prez.dev/ont/1.0.0,configuration ontology,1.0.0,resource,labelled,8,4,1,4,0,0,0,0,4,0,4,0,,1.0.0,,Kurrawong/semantic-background/resources/ontologies/items/prez-manifest.ttl | Kurrawong/semantic-background/resources/ontologies/items/prez-ont.ttl | Kurrawong/semantic-background/source/ontologies/processed/prez-manifest.ttl | Kurrawong/semantic-background/source/ontologies/processed/prez-ont.ttl
https://prez.dev/ont/CQLFilterResult,configuration ontology,CQLFilterResult,resource,observed,1,1,1,0,0,0,1,0,0,0,0,0,,,,Kurrawong/prez/docs/development.md
https://prez.dev/ont/CatPrez,configuration ontology,CatPrez,resource,observed,1,1,1,0,0,0,1,0,0,0,0,0,,,,Kurrawong/prez/docs/development.md
https://prez.dev/ont/DynamicEndpoint,configuration ontology,DynamicEndpoint,class candidate,observed,66,10,6,6,2,2,0,0,0,0,66,66,,,,BDR/eiatest-catalogue/config/prez-endpoints.ttl | BDR/resources.bdr.gov.au-config/prez/config/endpoints/data_endpoints_default/default_endpoints.ttl | IDN/atns-preservation/prezconfig/custom_endpoints.ttl | IDN/briscoesmith/prezconfig/custom_endpoints.ttl | IDN/idn-prez4/prez-endpoints.trig
https://prez.dev/ont/JenaFTSPropertyShape,configuration ontology,JenaFTSPropertyShape,class candidate,observed,21,6,2,4,1,0,1,0,0,0,7,7,,,,IDN/anufncatalogue/config/search.trig | Kurrawong/prez/docs/fuseki_fts_functionality.md | Kurrawong/prez/prez/dependencies.py | Kurrawong/prez/prez/services/app_service.py | Kurrawong/prez/prez/services/query_generation/search_fuseki_fts.py
https://prez.dev/ont/JenaFTSUnionShape,configuration ontology,JenaFTSUnionShape,resource,observed,4,3,1,2,0,0,1,0,0,0,0,0,,,,Kurrawong/prez/docs/fuseki_fts_functionality.md | Kurrawong/prez/prez/dependencies.py | Kurrawong/prez/prez/services/app_service.py
https://prez.dev/ont/ListingEndpoint,configuration ontology,ListingEndpoint,class candidate,observed,65,15,7,10,2,2,1,0,0,0,53,53,,,,BDR/eiatest-catalogue/config/prez-endpoints.ttl | BDR/resources.bdr.gov.au-config/prez/config/endpoints/data_endpoints_default/default_endpoints.ttl | IDN/atns-preservation/prezconfig/custom_endpoints.ttl | IDN/briscoesmith/prezconfig/custom_endpoints.ttl | IDN/idn-prez4/prez-endpoints.trig
https://prez.dev/ont/ListingProfile,configuration ontology,ListingProfile,resource,observed,1,1,1,0,0,0,1,0,0,0,0,0,,,,Kurrawong/prez/docs/development.md
https://prez.dev/ont/OGCFeaturesEndpoint,configuration ontology,OGCFeaturesEndpoint,class candidate,observed,19,4,3,3,0,0,1,0,0,0,6,6,,,,BDR/eiatest-catalogue/config/prez-endpoints.ttl | IDN/idn-prez4/prez-endpoints.trig | Kurrawong/prez/docs/custom_endpoints.md | Kurrawong/prez/prez/reference_data/endpoints/features/features_metadata.ttl
https://prez.dev/ont/OGCItemProfile,configuration ontology,OGCItemProfile,resource,observed,1,1,1,0,0,0,1,0,0,0,0,0,,,,Kurrawong/prez/docs/development.md
https://prez.dev/ont/OGCListingProfile,configuration ontology,OGCListingProfile,resource,observed,1,1,1,0,0,0,1,0,0,0,0,0,,,,Kurrawong/prez/docs/development.md
https://prez.dev/ont/OGCRecordsProfile,configuration ontology,OGCRecordsProfile,resource,observed,1,1,1,0,0,0,1,0,0,0,0,0,,,,Kurrawong/prez/docs/development.md
https://prez.dev/ont/OGCSchemesListProfile,configuration ontology,OGCSchemesListProfile,resource,observed,1,1,1,0,0,0,1,0,0,0,0,0,,,,Kurrawong/prez/docs/development.md
https://prez.dev/ont/OGCSchemesObjectProfile,configuration ontology,OGCSchemesObjectProfile,resource,observed,5,1,1,0,0,0,1,0,0,0,0,0,,,,Kurrawong/prez/docs/development.md
https://prez.dev/ont/ObjectEndpoint,configuration ontology,ObjectEndpoint,class candidate,observed,48,15,7,10,2,2,1,0,0,0,40,40,,,,BDR/eiatest-catalogue/config/prez-endpoints.ttl | BDR/resources.bdr.gov.au-config/prez/config/endpoints/data_endpoints_default/default_endpoints.ttl | IDN/atns-preservation/prezconfig/custom_endpoints.ttl | IDN/briscoesmith/prezconfig/custom_endpoints.ttl | IDN/idn-prez4/prez-endpoints.trig
https://prez.dev/ont/ObjectProfile,configuration ontology,ObjectProfile,resource,observed,5,1,1,0,0,0,1,0,0,0,0,0,,,,Kurrawong/prez/docs/development.md
https://prez.dev/ont/SearchResult,configuration ontology,SearchResult,resource,observed,1,1,1,0,0,0,1,0,0,0,0,0,,,,Kurrawong/prez/docs/development.md
https://prez.dev/ont/SystemEndpoint,configuration ontology,SystemEndpoint,class candidate,observed,8,2,2,2,0,0,0,0,0,0,8,8,,,,BDR/eiatest-catalogue/config/prez-endpoints.ttl | Kurrawong/prez/prez/reference_data/endpoints/base/endpoint_metadata.ttl
https://prez.dev/ont/TemplateQuery,configuration ontology,TemplateQuery,resource,observed,2,2,1,1,0,0,1,0,0,0,0,0,,,,Kurrawong/prez/docs/development.md | Kurrawong/prez/prez/services/app_service.py
https://prez.dev/ont/apiPath,configuration ontology,apiPath,property candidate,observed,69,11,7,7,2,2,0,0,0,66,0,0,,,,BDR/eiatest-catalogue/config/prez-endpoints.ttl | BDR/resources.bdr.gov.au-config/prez/config/endpoints/data_endpoints_default/default_endpoints.ttl | IDN/atns-preservation/prezconfig/custom_endpoints.ttl | IDN/briscoesmith/prezconfig/custom_endpoints.ttl | IDN/idn-prez4/prez-endpoints.trig
https://prez.dev/ont/count,configuration ontology,count,resource,observed,2,1,1,0,0,0,1,0,0,0,0,0,,,,Kurrawong/prez/docs/2026-03-23-lucene-cql-queryables.md
https://prez.dev/ont/defaultSearch,configuration ontology,defaultSearch,resource,observed,4,2,1,1,1,0,0,0,0,0,0,0,,,,Kurrawong/prez/prez/renderers/renderer.py | Kurrawong/prez/tests/test_ogc_features_manual.py
https://prez.dev/ont/deliversClasses,configuration ontology,deliversClasses,resource,labelled,1,1,1,1,0,0,0,0,1,0,0,0,,delivers classes,,Kurrawong/prez/prez/reference_data/annotations/prez-ontology.ttl
https://prez.dev/ont/description,configuration ontology,description,resource,observed,1,1,1,0,0,0,1,0,0,0,0,0,,,,Kurrawong/prez/docs/development.md
https://prez.dev/ont/endpointTemplate,configuration ontology,endpointTemplate,resource,labelled,1,1,1,1,0,0,0,0,1,0,0,0,,endpoint template,,Kurrawong/prez/prez/reference_data/annotations/prez-ontology.ttl
https://prez.dev/ont/facetCount,configuration ontology,facetCount,resource,observed,2,1,1,0,0,0,1,0,0,0,0,0,,,,Kurrawong/prez/docs/2026-03-23-lucene-cql-queryables.md
https://prez.dev/ont/facetName,configuration ontology,facetName,resource,observed,2,1,1,0,0,0,1,0,0,0,0,0,,,,Kurrawong/prez/docs/2026-03-23-lucene-cql-queryables.md
https://prez.dev/ont/facetValue,configuration ontology,facetValue,resource,observed,2,1,1,0,0,0,1,0,0,0,0,0,,,,Kurrawong/prez/docs/2026-03-23-lucene-cql-queryables.md
https://prez.dev/ont/facetable,configuration ontology,facetable,resource,observed,10,4,1,1,2,0,1,0,0,0,0,0,,,,Kurrawong/prez/docs/2026-03-23-lucene-cql-queryables.md | Kurrawong/prez/prez/renderers/renderer.py | Kurrawong/prez/tests/test_ogc_features_manual.py | Kurrawong/prez/tests/test_queryables_startup.py
https://prez.dev/ont/focusToParentRelation,configuration ontology,focusToParentRelation,resource,labelled,1,1,1,1,0,0,0,0,1,0,0,0,,focus to parent relation,,Kurrawong/prez/prez/reference_data/annotations/prez-ontology.ttl
https://prez.dev/ont/forEndpoint,configuration ontology,forEndpoint,resource,observed,2,2,1,1,0,0,1,0,0,0,0,0,,,,Kurrawong/prez/docs/development.md | Kurrawong/prez/prez/services/app_service.py
https://prez.dev/ont/hierarchyLevel,configuration ontology,hierarchyLevel,property candidate,observed,78,14,6,9,3,2,0,0,0,60,0,0,,,,BDR/eiatest-catalogue/config/prez-endpoints.ttl | BDR/resources.bdr.gov.au-config/prez/config/endpoints/data_endpoints_default/default_endpoints.ttl | IDN/atns-preservation/prezconfig/custom_endpoints.ttl | IDN/briscoesmith/prezconfig/custom_endpoints.ttl | IDN/idn-prez4/prez-endpoints.trig
https://prez.dev/ont/indexed,configuration ontology,indexed,resource,observed,4,2,1,1,1,0,0,0,0,0,0,0,,,,Kurrawong/prez/prez/renderers/renderer.py | Kurrawong/prez/tests/test_ogc_features_manual.py
https://prez.dev/ont/label,configuration ontology,label,resource,observed,2,2,1,0,1,0,1,0,0,0,0,0,,,,Kurrawong/prez/docs/development.md | Kurrawong/prez/tests/test_query_construction.py
https://prez.dev/ont/luceneFieldType,configuration ontology,luceneFieldType,resource,observed,4,2,1,1,1,0,0,0,0,0,0,0,,,,Kurrawong/prez/prez/renderers/renderer.py | Kurrawong/prez/tests/test_ogc_features_manual.py
https://prez.dev/ont/multiValued,configuration ontology,multiValued,resource,observed,4,2,1,1,1,0,0,0,0,0,0,0,,,,Kurrawong/prez/prez/renderers/renderer.py | Kurrawong/prez/tests/test_ogc_features_manual.py
https://prez.dev/ont/parentEndpoint,configuration ontology,parentEndpoint,resource,labelled,1,1,1,1,0,0,0,0,1,0,0,0,,parent endpoint,,Kurrawong/prez/prez/reference_data/annotations/prez-ontology.ttl
https://prez.dev/ont/parentToFocusRelation,configuration ontology,parentToFocusRelation,resource,labelled,1,1,1,1,0,0,0,0,1,0,0,0,,parent to focus relation,,Kurrawong/prez/prez/reference_data/annotations/prez-ontology.ttl
https://prez.dev/ont/provenance,configuration ontology,provenance,resource,observed,1,1,1,0,0,0,1,0,0,0,0,0,,,,Kurrawong/prez/docs/development.md
https://prez.dev/ont/relevantShapes,configuration ontology,relevantShapes,property candidate,observed,106,13,6,9,2,2,0,0,0,103,0,0,,,,BDR/eiatest-catalogue/config/prez-endpoints.ttl | BDR/resources.bdr.gov.au-config/prez/config/endpoints/data_endpoints_default/default_endpoints.ttl | IDN/atns-preservation/prezconfig/custom_endpoints.ttl | IDN/briscoesmith/prezconfig/custom_endpoints.ttl | IDN/idn-prez4/prez-endpoints.trig
https://prez.dev/ont/searchPredicate,configuration ontology,searchPredicate,property candidate,observed,16,3,2,1,1,0,1,0,0,4,0,0,,,,IDN/anufncatalogue/config/search.trig | Kurrawong/prez/docs/fuseki_fts_functionality.md | Kurrawong/prez/test_data/fts_property_shapes.ttl
https://prez.dev/ont/searchResultWeight,configuration ontology,searchResultWeight,resource,observed,1,1,1,0,0,0,1,0,0,0,0,0,,,,Kurrawong/prez/docs/2026-03-23-lucene-cql-queryables.md
https://prez.dev/ont/sortable,configuration ontology,sortable,resource,observed,4,2,1,1,1,0,0,0,0,0,0,0,,,,Kurrawong/prez/prez/renderers/renderer.py | Kurrawong/prez/tests/test_ogc_features_manual.py
https://prez.dev/ont/stored,configuration ontology,stored,resource,observed,4,2,1,1,1,0,0,0,0,0,0,0,,,,Kurrawong/prez/prez/renderers/renderer.py | Kurrawong/prez/tests/test_ogc_features_manual.py
https://prez.dev/outputFormat,root namespace,outputFormat,resource,observed,4,2,2,0,0,0,2,0,0,0,0,0,,,,IDN/prez-lite/docs/2-specification/profiles.md | Kurrawong/prez-lite/docs/2-specification/profiles.md
https://prez.dev/parentEndpoint,root namespace,parentEndpoint,resource,labelled,2,2,1,2,0,0,0,0,2,0,0,0,,parent endpoint,,Kurrawong/semantic-background/resources/ontologies/items/prez-ont.ttl | Kurrawong/semantic-background/source/ontologies/processed/prez-ont.ttl
https://prez.dev/parentToFocusRelation,root namespace,parentToFocusRelation,resource,labelled,2,2,1,2,0,0,0,0,2,0,0,0,,parent to focus relation,,Kurrawong/semantic-background/resources/ontologies/items/prez-ont.ttl | Kurrawong/semantic-background/source/ontologies/processed/prez-ont.ttl
https://prez.dev/profile,root namespace,profile,resource,observed,1,1,1,1,0,0,0,0,0,0,0,0,,,,Kurrawong/prez-ui/packages/prez-lib/src/consts.ts
https://prez.dev/profile/animal-facets,profile identifier,animal-facets,profile,typed,1,1,1,0,1,0,0,0,6,0,0,0,http://www.w3.org/ns/dx/prof/Profile | https://prez.dev/ListingProfile,Animal Faceting Profile,"Profile defining properties for faceting animal data, including nested conservation info.",Kurrawong/prez/test_data/animal_profiles.ttl
https://prez.dev/profile/animal-search,profile identifier,animal-search,profile,typed,1,1,1,0,1,0,0,0,6,0,0,0,http://www.w3.org/ns/dx/prof/Profile | https://prez.dev/ListingProfile,Animal Search Results Profile,"Profile defining properties to return for animal search results (class, label, description).",Kurrawong/prez/test_data/animal_profiles.ttl
https://prez.dev/profile/cqlgeo,profile identifier,cqlgeo,profile,typed,2,1,1,1,0,0,0,0,15,0,1,0,http://www.w3.org/ns/dx/prof/Profile | https://prez.dev/ListingProfile,CQL Geo profile,"A CQL profile targeted towards listing CQL results, including geospatial information.",Kurrawong/prez/prez/reference_data/profiles/prez_default_profiles.ttl
https://prez.dev/profile/eia-feature-listing,profile identifier,eia-feature-listing,profile,typed,2,1,1,1,0,0,0,0,16,0,1,0,http://www.w3.org/ns/dx/prof/Profile | https://prez.dev/ListingProfile,Geo Features Listing,Displays only RDF type for geo:Features,BDR/eiatest-catalogue/config/profiles.ttl
https://prez.dev/profile/facet-by-commodity,profile identifier,facet-by-commodity,resource,observed,1,1,1,0,0,0,1,0,0,0,0,0,,,,Kurrawong/prez/docs/faceted_search.md
https://prez.dev/profile/facet-by-date,profile identifier,facet-by-date,resource,observed,1,1,1,0,0,0,1,0,0,0,0,0,,,,Kurrawong/prez/docs/faceted_search.md
https://prez.dev/profile/facet-by-type,profile identifier,facet-by-type,profile,typed,7,4,1,1,2,0,1,0,12,0,0,0,http://www.w3.org/ns/dx/prof/Profile | https://prez.dev/ListingProfile,Facet things by type,Allows faceting by rdf:type,Kurrawong/prez/docs/faceted_search.md | Kurrawong/prez/prez/reference_data/facet_profiles/type.ttl | Kurrawong/prez/test_data/animal_profiles.ttl | Kurrawong/prez/tests/test_search_empty_term.py
https://prez.dev/profile/formation-top,profile identifier,formation-top,resource,observed,6,2,1,0,2,0,0,0,0,0,0,0,,,,Kurrawong/prez/tests/test_facet_query.py | Kurrawong/prez/tests/test_path_alias.py
https://prez.dev/profile/occurrence-object,profile identifier,occurrence-object,profile,typed,2,1,1,1,0,0,0,0,16,0,1,0,http://www.w3.org/ns/dx/prof/Profile | https://prez.dev/ObjectProfile,Occurence profile,An occurrence profile.,BDR/eiatest-catalogue/config/profiles.ttl
https://prez.dev/profile/open,profile identifier,open,profile,typed,1,1,1,1,0,0,0,0,13,0,0,0,http://www.w3.org/ns/dx/prof/Profile,Open profile,Override of An open profile which will return all direct properties for a resource.,IDN/anufncatalogue/config/profile.trig
https://prez.dev/profile/open-object,profile identifier,open-object,profile,typed,6,3,1,2,1,0,0,0,17,0,2,0,http://www.w3.org/ns/dx/prof/Profile | https://prez.dev/ObjectProfile,Open profile,An open profile for objects which will return all direct properties for a resource.,Kurrawong/prez/prez/reference_data/profiles/prez_default_profiles.ttl | Kurrawong/prez/prez/services/connegp_service.py | Kurrawong/prez/tests/test_connegp_subclass.py
https://prez.dev/profile/pivot-assoc,profile identifier,pivot-assoc,resource,observed,1,1,1,0,0,0,1,0,0,0,0,0,,,,Kurrawong/prez/docs/pivotting.md
https://prez.dev/profile/pivotAlternativePath,profile identifier,pivotAlternativePath,profile,typed,2,2,1,0,2,0,0,0,2,0,0,0,http://www.w3.org/ns/dx/prof/Profile,,,Kurrawong/prez/test_data/pivot_profiles.ttl | Kurrawong/prez/tests/test_pivot.py
https://prez.dev/profile/pivotInversePath,profile identifier,pivotInversePath,profile,typed,2,2,1,0,2,0,0,0,2,0,0,0,http://www.w3.org/ns/dx/prof/Profile,,,Kurrawong/prez/test_data/pivot_profiles.ttl | Kurrawong/prez/tests/test_pivot.py
https://prez.dev/profile/pivotOneOrMorePath,profile identifier,pivotOneOrMorePath,profile,typed,2,2,1,0,2,0,0,0,2,0,0,0,http://www.w3.org/ns/dx/prof/Profile,,,Kurrawong/prez/test_data/pivot_profiles.ttl | Kurrawong/prez/tests/test_pivot.py
https://prez.dev/profile/pivotPath,profile identifier,pivotPath,profile,typed,2,2,1,0,2,0,0,0,2,0,0,0,http://www.w3.org/ns/dx/prof/Profile,,,Kurrawong/prez/test_data/pivot_profiles.ttl | Kurrawong/prez/tests/test_pivot.py
https://prez.dev/profile/pivotSequencePath,profile identifier,pivotSequencePath,profile,typed,2,2,1,0,2,0,0,0,2,0,0,0,http://www.w3.org/ns/dx/prof/Profile,,,Kurrawong/prez/test_data/pivot_profiles.ttl | Kurrawong/prez/tests/test_pivot.py
https://prez.dev/profile/pivotTwoPivots,profile identifier,pivotTwoPivots,profile,typed,2,2,1,0,2,0,0,0,2,0,0,0,http://www.w3.org/ns/dx/prof/Profile,,,Kurrawong/prez/test_data/pivot_profiles.ttl | Kurrawong/prez/tests/test_pivot.py
https://prez.dev/profile/pivotUnion,profile identifier,pivotUnion,profile,typed,2,2,1,0,2,0,0,0,2,0,0,0,http://www.w3.org/ns/dx/prof/Profile,,,Kurrawong/prez/test_data/pivot_profiles.ttl | Kurrawong/prez/tests/test_pivot.py
https://prez.dev/profile/pivotValueSequence,profile identifier,pivotValueSequence,profile,typed,2,2,1,0,2,0,0,0,2,0,0,0,http://www.w3.org/ns/dx/prof/Profile,,,Kurrawong/prez/test_data/pivot_profiles.ttl | Kurrawong/prez/tests/test_pivot.py
https://prez.dev/profile/prez,profile identifier,prez,profile,typed,2,2,1,1,1,0,0,0,14,0,0,0,http://www.w3.org/ns/dx/prof/Profile | https://prez.dev/IndexProfile,Prez profile,A profile for the Prez Linked Data API,Kurrawong/prez/prez/reference_data/profiles/prez_default_profiles.ttl | Kurrawong/prez/tests/test_endpoints_profiles.py
https://prez.dev/profile/profiles,profile identifier,profiles,profile,typed,2,1,1,1,0,0,0,0,14,0,1,0,http://www.w3.org/ns/dx/prof/Profile | https://prez.dev/ListingProfile | https://prez.dev/ObjectProfile,Profiles Profile,A Profile for displaying profiles,Kurrawong/prez/prez/reference_data/profiles/prez_default_profiles.ttl
https://prez.dev/profile/rico-place,profile identifier,rico-place,profile,typed,1,1,1,0,0,1,0,0,12,0,0,0,http://www.w3.org/ns/dx/prof/Profile | https://prez.dev/ObjectProfile,RiCO Place presentation profile,Presents a RiCO Place with its named Physical Location,Kurrawong/prez/examples/profiles/rico_place.ttl
https://prez.dev/profile/rico-record,profile identifier,rico-record,profile,typed,1,1,1,0,0,1,0,0,12,0,0,0,http://www.w3.org/ns/dx/prof/Profile | https://prez.dev/ObjectProfile,RiCO Record presentation profile,"Presents a RiCO Record with its named instantiations, identifiers and extents.",Kurrawong/prez/examples/profiles/rico_record.ttl
https://prez.dev/profile/site-object-facet,profile identifier,site-object-facet,resource,observed,5,1,1,0,1,0,0,0,0,0,0,0,,,,Kurrawong/prez/tests/test_facet_object.py
https://prez.dev/profiles,root namespace,profiles,resource,observed,2,2,2,0,0,2,0,0,0,0,0,0,,,,IDN/prez-lite/packages/data-processing/examples/gswa-vocab-ref/gswa-vocab-profile.html | Kurrawong/prez-lite/packages/data-processing/examples/gswa-vocab-ref/gswa-vocab-profile.html
https://prez.dev/provenance,root namespace,provenance,property candidate,observed,455,454,4,2,0,450,2,0,0,10,0,0,,,,IDN/prez-lite/docs/2-specification/profiles.md | IDN/prez-lite/packages/data-processing/examples/data/ga-vocab/concepts/a/airfallDustCollector-anot+ld+json.json | IDN/prez-lite/packages/data-processing/examples/data/ga-vocab/concepts/a/airfallDustCollector-anot-ld-json.json | IDN/prez-lite/packages/data-processing/examples/data/ga-vocab/concepts/a/airlift-anot+ld+json.json | IDN/prez-lite/packages/data-processing/examples/data/ga-vocab/concepts/a/airlift-anot-ld-json.json
https://prez.dev/provenanceSource,root namespace,provenanceSource,property candidate,observed,12,10,2,2,0,6,2,0,0,8,0,0,,,,IDN/prez-lite/data/config/profiles.ttl | IDN/prez-lite/docs/2-specification/profiles.md | IDN/prez-lite/packages/data-processing/examples/ga-vocab-ref/profiles.ttl | IDN/prez-lite/packages/data-processing/examples/ggic-vocab-ref/profiles.ttl | IDN/prez-lite/packages/data-processing/examples/gswa-vocab-ref/profiles.ttl
https://prez.dev/refreshFrom,root namespace,refreshFrom,property candidate,observed,30,4,2,2,2,0,0,0,0,6,0,0,,,,IDN/prez-lite/data/config/workspaces.ttl | IDN/prez-lite/web/tests/unit/generate-workspaces.test.ts | Kurrawong/prez-lite/data/config/workspaces.ttl | Kurrawong/prez-lite/web/tests/unit/generate-workspaces.test.ts
https://prez.dev/schemeLabel,root namespace,schemeLabel,resource,observed,13,13,2,0,0,8,0,5,0,0,0,0,,,,IDN/prez-lite/packages/data-processing/examples/data/ga-vocab/ga-vocab-concepts.json | IDN/prez-lite/packages/data-processing/examples/data/ggic-vocab/ggic-vocab-concepts.json | IDN/prez-lite/packages/data-processing/examples/data/gswa-vocab/gswa-vocab-concepts.json | IDN/prez-lite/packages/data-processing/examples/gswa-vocab-output/gswa-vocab-concepts.json | IDN/prez-lite/web/public/export/vocabs/example/example-concepts.json
https://prez.dev/searchResultMatch,root namespace,searchResultMatch,property candidate,labelled,21,13,3,5,7,0,1,0,3,9,0,0,,Matched Term,,Kurrawong/prez-ui/packages/prez-lib/src/consts.ts | Kurrawong/prez-ui/packages/prez-lib/tests/fixtures/flat-search-no-weight.ttl | Kurrawong/prez-ui/packages/prez-lib/tests/fixtures/flat-search.ttl | Kurrawong/prez-ui/packages/prez-lib/tests/fixtures/lucene-mixed-shape.ttl | Kurrawong/prez-ui/packages/prez-lib/tests/fixtures/lucene-multi-match.ttl
https://prez.dev/searchResultPredicate,root namespace,searchResultPredicate,property candidate,labelled,21,13,3,5,7,0,1,0,3,9,0,0,,Matched Predicate,,Kurrawong/prez-ui/packages/prez-lib/src/consts.ts | Kurrawong/prez-ui/packages/prez-lib/tests/fixtures/flat-search-no-weight.ttl | Kurrawong/prez-ui/packages/prez-lib/tests/fixtures/flat-search.ttl | Kurrawong/prez-ui/packages/prez-lib/tests/fixtures/lucene-mixed-shape.ttl | Kurrawong/prez-ui/packages/prez-lib/tests/fixtures/lucene-multi-match.ttl
https://prez.dev/searchResultURI,root namespace,searchResultURI,property candidate,observed,16,11,2,2,8,0,1,0,0,7,0,0,,,,Kurrawong/prez-ui/packages/prez-lib/src/consts.ts | Kurrawong/prez-ui/packages/prez-lib/tests/fixtures/flat-search-no-weight.ttl | Kurrawong/prez-ui/packages/prez-lib/tests/fixtures/flat-search.ttl | Kurrawong/prez-ui/packages/prez-lib/tests/fixtures/lucene-mixed-shape.ttl | Kurrawong/prez-ui/packages/prez-lib/tests/fixtures/lucene-multi-match.ttl
https://prez.dev/searchResultWeight,root namespace,searchResultWeight,property candidate,labelled,17,12,3,5,6,0,1,0,3,5,0,0,,Search Result Weight,,Kurrawong/prez-ui/packages/prez-lib/src/consts.ts | Kurrawong/prez-ui/packages/prez-lib/tests/fixtures/flat-search.ttl | Kurrawong/prez-ui/packages/prez-lib/tests/fixtures/lucene-mixed-shape.ttl | Kurrawong/prez-ui/packages/prez-lib/tests/fixtures/lucene-multi-match.ttl | Kurrawong/prez-ui/packages/prez-lib/tests/fixtures/lucene-single-match.ttl
https://prez.dev/simpleView,root namespace,simpleView,property candidate,observed,184,6,2,4,2,0,0,0,0,84,0,0,,,,IDN/prez-lite/data/config/profiles.ttl | IDN/prez-lite/packages/gh-templates/default/data/config/profiles.ttl | IDN/prez-lite/web/tests/unit/shacl-profile-parser.test.ts | Kurrawong/prez-lite/data/config/profiles.ttl | Kurrawong/prez-lite/packages/gh-templates/default/data/config/profiles.ttl
https://prez.dev/slug,root namespace,slug,property candidate,observed,38,4,2,2,2,0,0,0,0,6,0,0,,,,IDN/prez-lite/data/config/workspaces.ttl | IDN/prez-lite/web/tests/unit/generate-workspaces.test.ts | Kurrawong/prez-lite/data/config/workspaces.ttl | Kurrawong/prez-lite/web/tests/unit/generate-workspaces.test.ts
https://prez.dev/sourcePredicate,root namespace,sourcePredicate,resource,observed,6,6,2,2,0,4,0,0,0,0,0,0,,,,IDN/prez-lite/data/config/profiles.ttl | IDN/prez-lite/packages/data-processing/examples/ga-vocab-ref/profiles.ttl | IDN/prez-lite/packages/data-processing/examples/gswa-vocab-ref/profiles.ttl | Kurrawong/prez-lite/data/config/profiles.ttl | Kurrawong/prez-lite/packages/data-processing/examples/ga-vocab-ref/profiles.ttl
https://prez.dev/sparqlEndpointEnabled,root namespace,sparqlEndpointEnabled,resource,observed,1,1,1,1,0,0,0,0,0,0,0,0,,,,Kurrawong/prez-ui/packages/prez-ui/app/composables/useGlobalConfig.ts
https://prez.dev/sync,root namespace,sync,property candidate,observed,5,3,2,2,1,0,0,0,0,2,0,0,,,,IDN/reference-resource-register/manifest.ttl | Kurrawong/prezmanifest/prezmanifest/utils.py | Kurrawong/prezmanifest/tests/test_sync/local/manifest-sync-pred.ttl
https://prez.dev/systemGraph,root namespace,systemGraph,resource,observed,2,2,1,2,0,0,0,0,0,0,0,0,,,,IDN/anufncatalogue/config/profile.trig | IDN/anufncatalogue/config/search.trig
https://prez.dev/testprof,root namespace,testprof,resource,observed,2,1,1,0,1,0,0,0,0,0,0,0,,,,Kurrawong/prez/tests/test_property_selection_shacl.py
https://prez.dev/type,root namespace,type,property candidate,observed,1043,1043,3,2,0,962,0,79,0,41,0,0,,,,IDN/prez-lite/packages/data-processing/examples/data/ga-concept/ga-concept-anot+ld+json.json | IDN/prez-lite/packages/data-processing/examples/data/ga-concept/ga-concept-anot+turtle.ttl | IDN/prez-lite/packages/data-processing/examples/data/ga-concept/ga-concept-anot-ld-json.json | IDN/prez-lite/packages/data-processing/examples/data/ga-concept/ga-concept-anot-turtle.ttl | IDN/prez-lite/packages/data-processing/examples/data/ga-concept/ga-concept-page.html
https://prez.dev/uri,root namespace,uri,resource,observed,1,1,1,0,1,0,0,0,0,0,0,0,,,,Kurrawong/prez/tests/TO_FIX_test_search.py
https://prez.dev/version,root namespace,version,resource,observed,2,1,1,1,0,0,0,0,0,0,0,0,,,,Kurrawong/prez-ui/packages/prez-ui/app/composables/useGlobalConfig.ts
https://prez.dev/workspace,root namespace,workspace,property candidate,observed,26,4,2,2,2,0,0,0,0,6,0,0,,,,IDN/prez-lite/data/config/workspaces.ttl | IDN/prez-lite/web/tests/unit/generate-workspaces.test.ts | Kurrawong/prez-lite/data/config/workspaces.ttl | Kurrawong/prez-lite/web/tests/unit/generate-workspaces.test.ts
